subject,time,x,z
0,3.0919899793481864,1.0328876248036467,-1.0856306033005612
0,4.784590047029411,2.07559309939153,-1.0856306033005612
0,5.2115942968839,2.26097397674792,-1.0856306033005612
0,5.806320199484606,1.2342089111323864,-1.0856306033005612
1,0.05353288386336308,2.4999505736576033,0.9973454465835858
1,0.6546154192348774,2.445406498059453,0.9973454465835858
1,1.678884446672988,2.007204449968863,0.9973454465835858
1,1.9940777192508208,3.643582762437127,0.9973454465835858
1,2.8232096062534575,3.5663346011572026,0.9973454465835858
1,2.9587652522050503,3.272139336530269,0.9973454465835858
1,3.494149296248078,4.503452418448402,0.9973454465835858
1,3.5204182859040833,4.5135276963801285,0.9973454465835858
1,5.176186770719936,4.454282265820206,0.9973454465835858
1,5.634809826131319,5.120679098952175,0.9973454465835858
1,6.327788586249428,6.039104003201682,0.9973454465835858
1,7.151912790861655,4.179653647876862,0.9973454465835858
1,8.262051275325252,6.017412444981311,0.9973454465835858
1,8.731190201719777,6.676862289837241,0.9973454465835858
1,8.869446475106216,6.992482783364982,0.9973454465835858
1,9.113181348723439,6.786060909700274,0.9973454465835858
1,9.874783222814237,7.7173669270196505,0.9973454465835858
2,0.7914896073820521,1.6459062473760164,0.28297849805199204
2,3.3706638344760997,2.966221706350133,0.28297849805199204
2,5.740638251499645,3.778836881078249,0.28297849805199204
2,7.507170003431679,5.988714466202082,0.28297849805199204
2,7.516439887929184,4.1964593250240245,0.28297849805199204
2,8.21504113200558,5.4116485558022145,0.28297849805199204
2,8.593890756806115,5.569172523881461,0.28297849805199204
2,9.098716596102088,5.9039594403537015,0.28297849805199204
2,9.275765795753895,6.7425094230064255,0.28297849805199204
3,0.5812513570014288,-0.5532761869747482,-1.506294713918092
3,0.9050987710635694,-0.7957088140040917,-1.506294713918092
3,2.639807192905682,0.025956799565437443,-1.506294713918092
3,2.8821195451734627,-0.7850689541942187,-1.506294713918092
3,3.9147935414994506,0.4017216693782295,-1.506294713918092
3,4.239155069447735,0.38798864710620534,-1.506294713918092
3,4.626850480730246,1.7049803801431171,-1.506294713918092
3,4.665225821152175,0.5079029801968046,-1.506294713918092
3,5.650113119347054,2.3937420544314185,-1.506294713918092
3,5.880174189514392,2.2299275435002217,-1.506294713918092
3,5.923915776304927,1.8209880999295696,-1.506294713918092
3,6.55525919434374,2.8417623160838086,-1.506294713918092
3,6.736599858461369,2.1040286551118497,-1.506294713918092
3,6.907382284729477,1.6980332390370398,-1.506294713918092
3,7.021043682229098,2.5127400037323855,-1.506294713918092
3,7.51173755298535,2.0304487773624,-1.506294713918092
3,8.328365313211062,4.037909607404138,-1.506294713918092
3,8.41278217788237,3.2168408413781124,-1.506294713918092
3,9.656976427334243,3.5233090259691107,-1.506294713918092
4,0.055454084069045395,-0.8361052565337777,-0.5786002519685364
4,0.432228920796468,0.9009112164929214,-0.5786002519685364
4,0.9552964155536092,0.31729845457429223,-0.5786002519685364
4,0.9703815863886123,0.3209370704540585,-0.5786002519685364
4,2.382499057124118,1.6269090230710739,-0.5786002519685364
4,2.416856372453978,2.209825381263397,-0.5786002519685364
4,3.0194683626271903,1.4134941548973294,-0.5786002519685364
4,3.7518552748279808,1.3701386548331085,-0.5786002519685364
4,4.619087615684484,2.256919500933185,-0.5786002519685364
4,4.849094434425592,2.5975449697731965,-0.5786002519685364
4,5.395048225537353,2.9564535636306206,-0.5786002519685364
4,6.263093617098563,3.2714080204125118,-0.5786002519685364
4,8.077910862901561,3.297518686991068,-0.5786002519685364
4,8.949782878860116,4.291230180238441,-0.5786002519685364
4,9.630044659922582,4.2851514590933055,-0.5786002519685364
4,9.805821985942876,4.905143738523685,-0.5786002519685364
4,9.883285346223875,4.979609763942134,-0.5786002519685364
5,4.010122763696481,5.433528815129491,1.651436537097151
5,4.011859250238295,4.847055250044828,1.651436537097151
5,6.297276340470472,5.552873724687322,1.651436537097151
5,7.446300631853548,8.02213954492823,1.651436537097151
6,0.16118630423373914,-2.7299001765824578,-2.426679243393074
6,0.4589523220217062,-1.9692395675901073,-2.426679243393074
6,1.2695803103596137,-2.1205036212341213,-2.426679243393074
6,4.29813337886582,-0.46795311503322756,-2.426679243393074
6,7.101616513206985,0.8734912947237468,-2.426679243393074
6,7.1099869359551,0.8585620374585645,-2.426679243393074
6,7.771624615706022,1.0835877470513067,-2.426679243393074
6,8.716829331423073,2.1644132009590344,-2.426679243393074
6,8.875934604677749,2.9696848081470337,-2.426679243393074
6,9.585097430216669,2.84005260910216,-2.426679243393074
6,9.71046140510129,2.406449994968171,-2.426679243393074
7,0.03532210966248339,-0.3534172870860527,-0.42891262885617726
7,0.2661111555995954,0.6076413676927513,-0.42891262885617726
7,0.5209113438949886,0.8910379100486705,-0.42891262885617726
7,1.9836568902671914,1.4570549163192432,-0.42891262885617726
7,2.9824539331732947,2.2560926432977313,-0.42891262885617726
7,3.72396480594112,1.943059477720877,-0.42891262885617726
7,4.067788934738685,2.913217984858866,-0.42891262885617726
7,4.186268589800259,1.863065881233568,-0.42891262885617726
7,4.5308892454613,1.8206337044486247,-0.42891262885617726
7,4.808890438749621,2.420324437844093,-0.42891262885617726
7,5.005614208491012,3.5236823200395553,-0.42891262885617726
7,5.560347537651468,3.0072643914450654,-0.42891262885617726
7,5.874937474795025,3.643656637457789,-0.42891262885617726
7,8.571530578712437,3.954082120499674,-0.42891262885617726
7,9.274549985626518,5.403678800401733,-0.42891262885617726
7,9.323506615420815,4.712078447004048,-0.42891262885617726
7,9.482523716181412,4.547859821512329,-0.42891262885617726
8,0.7242446813412262,3.864218514523812,1.265936258705534
8,0.827195476126702,4.209721423089634,1.265936258705534
8,3.3431073346872697,4.356992756094893,1.265936258705534
8,4.15896556394369,5.092770745100769,1.265936258705534
8,4.732268449615331,5.2725435526776145,1.265936258705534
8,5.018973605524253,4.906121585283464,1.265936258705534
8,5.049628561587899,4.770624421536199,1.265936258705534
8,5.105923958201211,5.338701051430089,1.265936258705534
8,5.419694081167295,6.127316182011429,1.265936258705534
8,5.524804086648333,5.549609713914089,1.265936258705534
8,5.800523263528008,5.5188267687999675,1.265936258705534
8,5.806062561254047,5.999050666806758,1.265936258705534
8,6.794360219786741,6.400051804017292,1.265936258705534
8,7.198792779251816,5.850171688393541,1.265936258705534
8,7.203556424148817,5.540108855099665,1.265936258705534
8,7.379513733805956,7.462404204235589,1.265936258705534
8,7.445352162812928,6.77095903553245,1.265936258705534
8,7.713079290263638,5.639281143419426,1.265936258705534
8,8.356653023141103,6.872480587582687,1.265936258705534
9,0.060278856532979264,-0.3084117652619098,-0.8667404022651017
9,0.8740774265282281,0.39853733050777723,-0.8667404022651017
9,2.106526275540632,0.5398076493757632,-0.8667404022651017
9,2.701762674303337,0.17306981147861267,-0.8667404022651017
9,3.467947202135594,1.2595592403008895,-0.8667404022651017
9,3.604237194537099,1.4057005009738515,-0.8667404022651017
9,4.212000571700126,2.030457489132269,-0.8667404022651017
9,4.911904809745835,2.0831600298981594,-0.8667404022651017
9,9.443655396185902,5.3560803231152025,-0.8667404022651017
10,1.6677371868474056,1.2131822812562867,-0.6788861516220543
10,3.955443824287773,1.9307466132311615,-0.6788861516220543
10,4.6583576461016785,1.6968063626205192,-0.6788861516220543
10,7.701166883567835,3.299585645225881,-0.6788861516220543
10,7.907810331706701,4.3378525734546125,-0.6788861516220543
10,8.048658398454997,3.9910627671685015,-0.6788861516220543
11,0.17456703654526784,1.717226170756268,-0.09470896893689112
11,0.23154444648462502,1.170999377298346,-0.09470896893689112
11,0.5760321827719117,0.9737318659007896,-0.09470896893689112
11,0.8910078859821058,0.8160632690404763,-0.09470896893689112
11,1.3585084228693745,1.4521499669313223,-0.09470896893689112
11,3.0063103416555945,1.2655314870351781,-0.09470896893689112
11,3.858224545688207,2.8785221845853037,-0.09470896893689112
11,4.727593930453697,2.9664830408966525,-0.09470896893689112
11,5.670819519824239,3.348088480145679,-0.09470896893689112
11,5.883241763746513,2.615678426374286,-0.09470896893689112
11,6.124013320032745,4.508759145652204,-0.09470896893689112
11,6.520569567184754,4.319182781175522,-0.09470896893689112
11,6.7553446930589605,3.4144804047835837,-0.09470896893689112
11,6.801570603473033,4.197492298583121,-0.09470896893689112
11,7.332290282210696,3.8702451022992754,-0.09470896893689112
11,8.06143611461656,4.672563768365996,-0.09470896893689112
11,8.441026541717155,4.866667862162365,-0.09470896893689112
11,8.67287985886269,5.344793158817846,-0.09470896893689112
11,8.87098092015967,6.117573215800483,-0.09470896893689112
11,9.387660016738973,4.941777365347387,-0.09470896893689112
12,0.38699585012244353,3.55631445626945,1.4913896261242878
12,0.4061612455845953,3.092765954425978,1.4913896261242878
12,2.3008995749829086,4.8320306854753134,1.4913896261242878
12,6.458225216831122,7.0467312264252335,1.4913896261242878
12,7.602102579190041,6.988793380376696,1.4913896261242878
12,9.989184059727975,8.124184946568475,1.4913896261242878
13,0.02284491227247276,-0.30127274678845734,-0.638901996684651
13,0.5460149040978357,0.8912226873973156,-0.638901996684651
13,1.8590397387804003,0.5872128173984144,-0.638901996684651
13,2.4828189470256454,0.5292793676219631,-0.638901996684651
13,5.093249075305204,3.465815412017993,-0.638901996684651
13,5.2007607081666105,3.587940689195549,-0.638901996684651
13,6.140365386837355,3.513063963240214,-0.638901996684651
13,9.569090253643935,5.14765964162489,-0.638901996684651
14,3.056463880931184,2.565221273564005,-0.44398195964606546
14,4.2609565537257446,2.5052538688292825,-0.44398195964606546
14,4.965079723751131,2.2961742154636617,-0.44398195964606546
14,9.168487852727761,4.27953088098299,-0.44398195964606546
15,1.41194832453028,1.445574139482628,-0.43435127561851733
15,3.099876746353808,1.5044827452466467,-0.43435127561851733
15,5.588264346475861,2.705045833959672,-0.43435127561851733
15,6.75529811094136,4.774449972831741,-0.43435127561851733
15,7.44721237404481,4.15200792990248,-0.43435127561851733
15,7.7293446610005585,4.338914620319421,-0.43435127561851733
16,8.522783075194022,7.8529005894359525,2.2059300827254558
16,8.653109417558198,8.229220283151076,2.2059300827254558
16,8.984684197800053,8.958036812781245,2.2059300827254558
16,9.076020915893373,8.601541048235333,2.2059300827254558
17,0.3833160701853866,5.002512816706917,2.1867860889737867
17,1.101051964454005,4.868751513391596,2.1867860889737867
17,1.6748164116306108,4.850176994426791,2.1867860889737867
17,1.7582826545569508,5.171235919434126,2.1867860889737867
17,2.486237675113557,5.700221787208011,2.1867860889737867
17,3.59867348941067,5.866205668869494,2.1867860889737867
17,3.857434824367175,4.758871939362676,2.1867860889737867
17,5.10376370347584,6.6318754939114095,2.1867860889737867
17,5.340764922160645,6.371433814858805,2.1867860889737867
17,5.464790216690849,6.5245302842870405,2.1867860889737867
17,5.675741625552813,7.083044069450612,2.1867860889737867
17,6.279218488955999,7.663091317356284,2.1867860889737867
17,6.474325130087323,7.676125104637662,2.1867860889737867
17,7.168033641320369,8.275724195253998,2.1867860889737867
17,7.569458365293011,8.093670509894089,2.1867860889737867
17,7.977325951909392,8.33514698311154,2.1867860889737867
17,8.170990787402383,8.67710064657126,2.1867860889737867
17,8.6191209543177,8.99770701540027,2.1867860889737867
18,0.22356038657951438,2.6757994349658163,1.004053897878877
18,0.3650631786069114,2.2040832284366907,1.004053897878877
18,0.38826104373565484,2.1659020079072158,1.004053897878877
18,4.403758349412529,4.677178620188036,1.004053897878877
18,4.833111094500342,5.54293652894179,1.004053897878877
18,5.975348839589323,5.142111848546251,1.004053897878877
18,6.526574823725846,6.153347831960126,1.004053897878877
18,6.5346040986041025,6.743862882663994,1.004053897878877
18,6.632849981274305,5.226840083913772,1.004053897878877
18,7.1029801415944664,6.234580229846751,1.004053897878877
18,7.288826191562379,6.403914577664223,1.004053897878877
18,7.3281584861101345,5.837628896267337,1.004053897878877
18,7.412199511576545,6.0406417476175305,1.004053897878877
18,8.375689342825648,7.396580865727547,1.004053897878877
18,8.452713990014354,6.558862073615433,1.004053897878877
18,9.283168199284798,6.893773567641904,1.004053897878877
19,0.29440128649697916,1.3361669625614634,0.386186399174856
19,1.588661007447838,2.232765234315082,0.386186399174856
19,1.6090518432319934,2.3081600405685676,0.386186399174856
19,2.2092844503507436,3.158713746841687,0.386186399174856
19,2.7758593622514205,2.849830373284689,0.386186399174856
19,3.532924030629366,4.157989034894822,0.386186399174856
19,3.6291164305813206,3.1701477446592117,0.386186399174856
19,3.7980344390100376,2.7135298390650338,0.386186399174856
19,4.2285833758287055,4.531511314830024,0.386186399174856
19,5.185653072227919,4.760206245962168,0.386186399174856
19,5.526180613591159,3.5702129117134698,0.386186399174856
19,5.529314574162957,3.9952359885966855,0.386186399174856
19,5.54595266702348,4.80123440950279,0.386186399174856
19,5.613936111022611,5.057373073916359,0.386186399174856
19,6.676724438876649,5.5669665147049425,0.386186399174856
19,6.90453920223846,5.022696126068862,0.386186399174856
20,0.020919011832274403,1.5589923930507803,0.7373685758962422
20,1.0605526058762504,1.910987595980088,0.7373685758962422
20,2.2780206581502647,3.008797896906996,0.7373685758962422
20,4.986576795001857,5.209625718202555,0.7373685758962422
20,5.187725786639767,4.534351608023011,0.7373685758962422
20,5.849042663214956,5.781864648356558,0.7373685758962422
20,5.876157553188101,3.6500751988959124,0.7373685758962422
20,5.894154331306973,4.259526816104034,0.7373685758962422
20,6.57667443075158,5.332545712792304,0.7373685758962422
20,7.646575380975301,6.373437825002451,0.7373685758962422
20,9.524888677894637,6.833685653431635,0.7373685758962422
20,9.6736188564268,6.8950359198111135,0.7373685758962422
21,0.7498100976747324,4.151478409317576,1.490732028150799
21,0.87021039574116,3.982160852413399,1.490732028150799
21,2.513688282297264,4.323876020228284,1.490732028150799
21,3.238534024293902,4.378711639997273,1.490732028150799
21,4.514702817501619,6.036290848767079,1.490732028150799
21,4.606729409413022,6.272774676903163,1.490732028150799
21,5.270733598433607,5.3161437110961245,1.490732028150799
21,5.646946228302003,6.376987273051003,1.490732028150799
21,5.9383790154186356,5.9965032603736015,1.490732028150799
21,6.246142461581659,7.271353657157117,1.490732028150799
21,7.418943763648821,8.142476402299879,1.490732028150799
21,7.443283935663886,7.652695732114821,1.490732028150799
21,8.547221372900687,7.657170927211914,1.490732028150799
21,8.936359340477193,6.93130294724022,1.490732028150799
22,0.6998218938487966,-0.43315406735920076,-0.9358338684023914
22,1.0352092514915767,-0.4861678158503102,-0.9358338684023914
22,2.7868747006804684,1.4767527653655255,-0.9358338684023914
22,2.9451699407148944,1.1489810283019968,-0.9358338684023914
22,5.192803611428264,1.7966050278460535,-0.9358338684023914
22,6.630427856834763,3.2487555414321077,-0.9358338684023914
22,6.943148861763579,3.147697975806163,-0.9358338684023914
22,7.1007522445797004,2.316387784304785,-0.9358338684023914
22,8.133136385809966,3.9571601676568022,-0.9358338684023914
22,8.599411482826469,4.562550290231265,-0.9358338684023914
22,9.713639986847536,5.732994306136416,-0.9358338684023914
23,1.4658756762742953,3.514132687341305,1.1758290447821034
23,1.9383445199220128,4.282580579477924,1.1758290447821034
23,2.3253365690640413,4.106614820749347,1.1758290447821034
23,2.7223676933095033,4.244388333890129,1.1758290447821034
23,3.371875304454639,4.963569767470983,1.1758290447821034
23,3.4139687968104915,5.039006122116902,1.1758290447821034
23,3.50885371299249,5.202491556206201,1.1758290447821034
23,5.143808676695186,5.52558197257999,1.1758290447821034
23,6.328310366501472,4.759952232853625,1.1758290447821034
23,6.785906843673642,5.9204050048941195,1.1758290447821034
23,8.010323625385135,6.783081585895107,1.1758290447821034
23,8.362667479765006,7.015943550187677,1.1758290447821034
24,0.06218730219929358,-0.8580154812241535,-1.2538806677490124
24,0.576881476818385,-1.4505447201460768,-1.2538806677490124
24,0.8401964757852087,0.10119867635139668,-1.2538806677490124
24,1.0062417313003236,-0.0732900163010809,-1.2538806677490124
24,1.1760200872960058,-0.3282794201928708,-1.2538806677490124
24,1.533247184135269,0.2495506864634891,-1.2538806677490124
24,1.6727513697253982,1.137748283506018,-1.2538806677490124
24,2.093530124785441,0.3990321928602151,-1.2538806677490124
24,3.071247343166197,1.0667790847380965,-1.2538806677490124
24,3.203648104364879,-0.5429477432692429,-1.2538806677490124
24,5.642715568138815,2.7135849619636994,-1.2538806677490124
24,5.681093344642853,1.7384088789588412,-1.2538806677490124
24,6.775199732639764,2.7852857986551145,-1.2538806677490124
24,7.2474992236183455,2.3663136953248256,-1.2538806677490124
24,7.572849237943472,2.274092315014733,-1.2538806677490124
24,7.971911096101949,3.0728570647409685,-1.2538806677490124
24,9.392303985258874,3.837859227427244,-1.2538806677490124
24,9.61084278272412,3.8986612398847633,-1.2538806677490124
24,9.666495491943977,3.8860020479593995,-1.2538806677490124
25,0.6369085931987073,0.46912008027135554,-0.6377515024534103
25,0.833482697088479,0.2590342273278652,-0.6377515024534103
25,1.9630900512198524,1.416137973982032,-0.6377515024534103
25,1.9915815733342257,0.9609836693723476,-0.6377515024534103
25,2.207307097902793,1.332788636171165,-0.6377515024534103
25,2.679821606163737,1.3039809459225031,-0.6377515024534103
25,2.939741322278114,0.41970044213983027,-0.6377515024534103
25,3.6726556298291757,1.903201783918795,-0.6377515024534103
25,4.8514938782304675,1.833246210670075,-0.6377515024534103
25,6.754089877031894,3.7939818906742526,-0.6377515024534103
25,8.285273221945307,3.846095411092644,-0.6377515024534103
25,8.603734102651812,4.042733469609296,-0.6377515024534103
25,9.665793758873916,4.871818213250691,-0.6377515024534103
25,9.770288500601701,5.217413973732926,-0.6377515024534103
26,2.4726361960000887,4.412258395223105,0.9071051958003012
26,2.838802502951184,3.6086273523964136,0.9071051958003012
26,3.929647697816713,4.573650416207094,0.9071051958003012
26,4.026470228101324,4.197333777323011,0.9071051958003012
26,6.465437820106139,5.967498975003054,0.9071051958003012
26,7.18079321199638,4.811435113214868,0.9071051958003012
26,8.843086136869065,7.838708255742912,0.9071051958003012
26,9.413186196649047,7.617627779811947,0.9071051958003012
26,9.469802056881273,6.778820249277385,0.9071051958003012
27,0.4566485046160107,-0.47136266754707357,-1.428680700225969
27,1.7447316130440416,-1.0616785707126009,-1.428680700225969
27,1.777274210360098,0.5510015763859696,-1.428680700225969
27,2.0190753961573216,-0.25176620330923305,-1.428680700225969
27,2.962657514589994,0.8323238131055399,-1.428680700225969
27,3.1638562179564778,1.2493799791464166,-1.428680700225969
27,3.4059643821229066,1.257233438441261,-1.428680700225969
27,3.7806958519757714,1.1262643557176755,-1.428680700225969
27,3.9988510177821466,0.9311772192392739,-1.428680700225969
27,5.7037411450315005,1.22466095482809,-1.428680700225969
27,5.917656299886649,2.113638406624587,-1.428680700225969
27,6.1022953445239745,2.048426090219536,-1.428680700225969
27,6.519081078345186,1.7908216206126673,-1.428680700225969
27,7.957257095157168,2.0561383566085487,-1.428680700225969
27,8.172667146784992,3.683124232350285,-1.428680700225969
27,8.900443508808845,3.296085441401422,-1.428680700225969
27,9.073504583519405,2.7747994780580583,-1.428680700225969
27,9.118900941301217,3.3443136819963946,-1.428680700225969
28,0.16075793804901983,0.8089499692657152,-0.1400687201886661
28,1.7979211389953675,1.944927854773402,-0.1400687201886661
28,1.8651293234264,1.8673560978783867,-0.1400687201886661
28,2.0555480851323105,2.1988469061902443,-0.1400687201886661
28,2.488604299626366,1.7548081691540374,-0.1400687201886661
28,3.092593653657226,2.4631289696266108,-0.1400687201886661
28,3.1909856717576157,2.020718142816043,-0.1400687201886661
28,3.3130848745798778,2.6664543131301404,-0.1400687201886661
28,3.5256553529999923,2.7767376864173987,-0.1400687201886661
28,3.645199685288957,2.959589760061432,-0.1400687201886661
28,3.911391157608619,2.204386274520652,-0.1400687201886661
28,4.339414995724975,3.853759353657657,-0.1400687201886661
28,5.19498026896608,3.2133989728790393,-0.1400687201886661
28,7.194066337859465,4.73706740225229,-0.1400687201886661
28,7.504661048586771,3.242792569328095,-0.1400687201886661
28,8.687815623206886,5.093418088694897,-0.1400687201886661
28,9.643126856774416,5.955088771819929,-0.1400687201886661
29,1.1612537647336085,0.903930432889261,-0.8617548958596855
29,2.499543046699327,0.2535048978622517,-0.8617548958596855
29,3.5053931981098776,0.6795489995467288,-0.8617548958596855
29,3.638969484935056,0.5640589532958236,-0.8617548958596855
29,4.523405100223848,0.5718340571686067,-0.8617548958596855
29,8.895587233089042,3.6356090811227983,-0.8617548958596855
29,9.940045389344354,3.59268637167663,-0.8617548958596855
30,2.41040607217525,1.8039712379868147,-0.2556193705305969
30,5.084371488081444,3.166524731240599,-0.2556193705305969
30,5.182427179770787,3.024686353508775,-0.2556193705305969
30,5.946219192109039,3.3259532539196592,-0.2556193705305969
30,6.232690848561278,3.012672927019148,-0.2556193705305969
31,0.24741153660115422,-2.8872768882174547,-2.7985891054607244
31,0.5838690365862453,-3.3993404320143075,-2.7985891054607244
31,0.8680182225227817,-2.3186667459403365,-2.7985891054607244
31,2.0579750618179657,-2.7183127469920865,-2.7985891054607244
31,2.906556798896501,-1.9839259375522382,-2.7985891054607244
31,3.087508781652204,-1.7715300915820698,-2.7985891054607244
31,3.1516177455940775,-2.550232916262257,-2.7985891054607244
31,3.262355967604622,-1.5885142470255167,-2.7985891054607244
31,4.633577635747146,-0.8816110806482936,-2.7985891054607244
31,4.832169237491221,0.3464843410012872,-2.7985891054607244
31,5.386582412888192,-0.5267916954563701,-2.7985891054607244
31,6.397210930860819,-0.05606638757678207,-2.7985891054607244
31,9.543783068089432,2.9453523235875867,-2.7985891054607244
32,4.228923110881544,0.24936661388208203,-1.771533104509847
32,4.772830441990993,0.3755242133361364,-1.771533104509847
32,8.034364331511503,2.275741903766236,-1.771533104509847
32,8.663261260367756,2.2737374096672123,-1.771533104509847
33,0.8015022854714338,-0.3667393310478996,-0.6998772345979173
33,3.9388867750594656,1.3692787097093797,-0.6998772345979173
33,3.9848730095452725,2.0933418412357434,-0.6998772345979173
33,4.253437792181105,1.6779820822985914,-0.6998772345979173
33,4.494822489890332,1.3584301531881389,-0.6998772345979173
33,4.536914307261268,2.793351966067724,-0.6998772345979173
33,4.883608585096547,1.8694219541547108,-0.6998772345979173
33,4.890193227481796,2.3551003810142728,-0.6998772345979173
33,5.685430364144145,3.7896722326661734,-0.6998772345979173
33,6.432652499627865,3.715170045951791,-0.6998772345979173
33,7.208855445398398,3.6239728909322118,-0.6998772345979173
33,7.295724853702442,3.1803232548669476,-0.6998772345979173
33,7.840016275126837,4.283485664355495,-0.6998772345979173
33,7.981950571027219,3.9328681183033747,-0.6998772345979173
33,8.097656060674272,3.161147531296074,-0.6998772345979173
33,8.283474817757243,3.3436290632000647,-0.6998772345979173
33,8.489548969467918,3.867190852788503,-0.6998772345979173
33,8.839408505394935,3.8036128045559927,-0.6998772345979173
33,9.459277692647198,4.348811686466698,-0.6998772345979173
33,9.819903248851329,4.121628255490569,-0.6998772345979173
34,0.23151328462956866,2.1607425036653116,0.9274624317585825
34,0.47214037089179595,3.195945635331963,0.9274624317585825
34,1.4165716290788577,3.1132772252136767,0.9274624317585825
34,2.9771208704992356,4.370624569029675,0.9274624317585825
34,3.8900387280979687,4.222042713314593,0.9274624317585825
34,4.3697056363251265,5.494975980199385,0.9274624317585825
34,4.398088835867732,4.698402386741515,0.9274624317585825
34,4.675313777237168,4.838795720861691,0.9274624317585825
34,5.104302844562431,5.203403711826851,0.9274624317585825
34,5.75422709719314,4.450864937302252,0.9274624317585825
34,6.71380810553475,5.394974155524585,0.9274624317585825
34,7.872171259230093,6.1156766979487065,0.9274624317585825
34,8.50785754595467,6.875663658940278,0.9274624317585825
34,9.898068087732975,7.105112389317403,0.9274624317585825
35,0.5498161047719086,1.7521251167719933,-0.1736356827902158
35,1.389738387144941,1.4820548727644567,-0.1736356827902158
35,1.8769394300706577,1.2980288164434424,-0.1736356827902158
35,2.6602649415720423,2.447376497900234,-0.1736356827902158
35,2.964632973497249,2.552586640409833,-0.1736356827902158
35,4.563823747270054,2.9754820202276346,-0.1736356827902158
35,5.212838456191103,2.7883760921963856,-0.1736356827902158
35,5.73318890054647,3.80109885726005,-0.1736356827902158
35,6.796477396069474,4.401317100633453,-0.1736356827902158
36,0.7681301772107008,1.5790306429565224,0.0028459158968110196
36,1.7934364854633322,1.4361155784357977,0.0028459158968110196
36,3.1496975260886515,3.0393616785376563,0.0028459158968110196
36,5.044698130844775,3.1198517443513216,0.0028459158968110196
36,6.708855310092462,4.853769816423281,0.0028459158968110196
36,6.982909768168819,4.408536935402238,0.0028459158968110196
36,7.889959690974107,3.7550165769780675,0.0028459158968110196
37,0.17400160016465716,3.1357752933249246,0.688222711102285
37,0.3941016757105342,2.7413376570049643,0.688222711102285
37,0.8940294989100761,2.3743206097855563,0.688222711102285
37,1.6206943856657874,3.118332368521199,0.688222711102285
37,2.2087726696414443,3.3465149740731803,0.688222711102285
37,6.1201337340415325,6.000226965633747,0.688222711102285
37,6.736261016251143,5.2740894244291185,0.688222711102285
37,6.910565199038041,5.341614584787327,0.688222711102285
37,7.994889965325843,5.971313179242974,0.688222711102285
37,8.278214837762212,6.1202459479826885,0.688222711102285
37,8.6737635635014,5.232906992926976,0.688222711102285
37,8.993134954247056,6.20759662304367,0.688222711102285
37,9.165542974452134,6.765048087152381,0.688222711102285
37,9.18779277859129,6.622102198615145,0.688222711102285
37,9.912396781183261,6.5888628801464915,0.688222711102285
38,0.03384361400927016,0.24102924646614665,-0.8795363430090519
38,0.18249902095130777,-0.7358742017336081,-0.8795363430090519
38,0.6853658403996399,-0.38186598358636076,-0.8795363430090519
38,1.0005465705420846,0.9119637808202775,-0.8795363430090519
38,1.1751797398210662,0.5196465122600089,-0.8795363430090519
38,1.6420688366851266,0.26042347704183144,-0.8795363430090519
38,2.0751069658775134,0.985763841830835,-0.8795363430090519
38,2.8507369216004577,1.1092268643598817,-0.8795363430090519
38,2.95397300164689,1.6662488798563668,-0.8795363430090519
38,3.5463198344715585,2.316153126168434,-0.8795363430090519
38,8.259157869916892,4.189035367358825,-0.8795363430090519
39,0.07792981479275096,0.9959745946224821,0.283627323807291
39,3.584602931641321,3.6229201315503596,0.283627323807291
39,8.457586127407858,5.64307067383213,0.283627323807291
39,9.546330818934624,5.8365336547853035,0.283627323807291
39,9.77263659098366,6.700877299547262,0.283627323807291
40,0.21932026349456013,-0.6717977952479811,-0.8053665180656158
40,1.5881452310844224,1.3996808538205843,-0.8053665180656158
40,2.315908922556141,1.0002793057441839,-0.8053665180656158
40,5.546045787044891,2.9277493868333697,-0.8053665180656158
40,5.737601171111492,2.031528395177016,-0.8053665180656158
40,6.599363972122924,3.4346922222918788,-0.8053665180656158
40,7.242395305240278,4.4136030353070534,-0.8053665180656158
40,7.966781761726075,3.933147338592122,-0.8053665180656158
40,9.28255362202594,4.096935900006921,-0.8053665180656158
41,3.673179436032541,0.180317463099828,-1.7276694941206072
41,3.8357369415604827,0.8087363594848885,-1.7276694941206072
41,8.261482889115989,2.7136949908832553,-1.7276694941206072
41,9.096225965511778,3.187167480448778,-1.7276694941206072
42,0.5409886255562246,0.014778010941989939,-0.390899793755101
42,1.2470395184011662,1.3011753055575357,-0.390899793755101
42,1.5618827880196107,1.9051130875613196,-0.390899793755101
42,1.715469965099633,2.1318454518222025,-0.390899793755101
42,1.731777972270836,0.4953192720870877,-0.390899793755101
42,2.19461784452026,1.4869521357522497,-0.390899793755101
42,2.3854925666339613,1.0501319375619464,-0.390899793755101
42,3.800419010243351,2.2814873387459036,-0.390899793755101
42,4.208401774223107,2.7293108362868765,-0.390899793755101
42,5.28818447000422,3.098487993721164,-0.390899793755101
42,5.9683559577496,3.3733224388449186,-0.390899793755101
42,7.096423193928051,4.703381493714025,-0.390899793755101
42,9.46272181003964,5.505505910239123,-0.390899793755101
43,1.0191199518281358,3.1280161369970654,0.5738058624050577
43,2.788399032400064,4.284225803652717,0.5738058624050577
43,2.9214686559756164,3.0372932338085596,0.5738058624050577
43,3.5226357516786155,4.37937106903146,0.5738058624050577
43,4.987699847851372,4.57077726057261,0.5738058624050577
43,5.000048414525193,4.962889651264679,0.5738058624050577
43,7.76968358841439,5.209617619241136,0.5738058624050577
43,8.69716159840652,6.313149292961757,0.5738058624050577
43,9.10200495131135,5.86000406802196,0.5738058624050577
43,9.835913255751226,7.34695779176213,0.5738058624050577
44,1.8045346571675858,2.647600066551987,0.3385890509998015
44,2.21944767713362,1.6833575084412373,0.3385890509998015
44,6.353748361771526,4.583428303802688,0.3385890509998015
44,6.998092479479775,4.439805803100419,0.3385890509998015
44,7.4220923499606375,4.815080081381445,0.3385890509998015
44,7.945043175557255,4.842366488206156,0.3385890509998015
44,9.533548269224818,6.551470908781603,0.3385890509998015
45,0.1830905502052138,1.350736768600311,-0.01183049447881976
45,0.21602672641142906,0.8070700863223734,-0.01183049447881976
45,0.5888178283296075,0.8732716864356695,-0.01183049447881976
45,1.152845330451392,1.5867630297924569,-0.01183049447881976
45,1.2363930847206839,1.4390180862207336,-0.01183049447881976
45,2.487980037450992,2.350136749368193,-0.01183049447881976
45,2.8402507874879435,2.8534509109437844,-0.01183049447881976
45,3.683692970499651,2.9415817303029597,-0.01183049447881976
45,4.52526151027638,2.989696463440432,-0.01183049447881976
45,5.180200481075996,3.102108866493006,-0.01183049447881976
45,5.366955009476221,3.9139954309442966,-0.01183049447881976
45,6.218447514579171,3.3025565157836394,-0.01183049447881976
45,6.891428701721938,3.981185723939373,-0.01183049447881976
45,8.092784724322966,5.236307413654576,-0.01183049447881976
45,8.49248377182388,5.261313596775336,-0.01183049447881976
45,8.930472188945224,5.886771812869923,-0.01183049447881976
45,9.392958226326295,6.019425841351461,-0.01183049447881976
45,9.44458763278432,5.412965870893657,-0.01183049447881976
46,0.6407434961235747,5.306855271814378,2.392365265937726
46,0.8985440439667292,4.3294451272928365,2.392365265937726
46,2.0826340814578437,5.7864109044114835,2.392365265937726
46,2.1293490748927715,5.26036273696922,2.392365265937726
46,2.420906447845267,5.763809204783578,2.392365265937726
46,8.570303205049886,8.624915109907034,2.392365265937726
46,9.345023776963968,9.388648548086918,2.392365265937726
46,9.516624435158816,8.841551598450021,2.392365265937726
47,0.4206771080520455,1.952339481937424,0.4129121603087788
47,2.548686018355615,2.2825562726964064,0.4129121603087788
47,2.6292620937291042,2.740466407419142,0.4129121603087788
47,2.8870868203351807,3.4790446476141486,0.4129121603087788
47,2.9305219909580096,3.4814700986727667,0.4129121603087788
47,3.923240334757967,3.2623073354069883,0.4129121603087788
47,5.245018236960323,3.7818605076450007,0.4129121603087788
47,6.885824700655516,5.328031832275674,0.4129121603087788
47,7.52877321418845,5.840234912409188,0.4129121603087788
47,8.684727172706733,5.294606536848982,0.4129121603087788
47,9.447436988072761,6.334307803212387,0.4129121603087788
47,9.716469358346302,6.412762352398517,0.4129121603087788
48,0.8093737158373315,2.515978132654251,0.9787360059373466
48,2.730412985439642,4.0181662153615365,0.9787360059373466
48,7.548630521424124,6.856753426773138,0.9787360059373466
48,8.046999058512391,6.008327573946122,0.9787360059373466
48,8.31167748366415,7.2756969721704365,0.9787360059373466
48,9.14414460752642,6.45425565309589,0.9787360059373466
49,0.37354975360983644,4.495074757661433,2.2381433384979528
49,0.8347909181321123,5.084749144871834,2.2381433384979528
49,1.334843959899742,4.894966170550447,2.2381433384979528
49,3.7859381232645815,6.739463608449475,2.2381433384979528
49,5.123795634425967,6.8552755376684145,2.2381433384979528
49,5.583964184532096,7.532696481253183,2.2381433384979528
49,7.3798676752843075,9.18370139892016,2.2381433384979528
49,8.048816811146205,8.333427848806796,2.2381433384979528
49,8.282759783077413,7.5275288163265115,2.2381433384979528
49,8.295519919030982,8.336679105224617,2.2381433384979528
49,8.652444853096972,7.82049243190038,2.2381433384979528
50,0.39617836531644524,-0.33684175541003053,-1.2940853231612488
50,1.1957499777985658,-0.5853639822345299,-1.2940853231612488
50,1.745474012605136,0.12838117717607664,-1.2940853231612488
50,1.832646407382712,0.500093707241327,-1.2940853231612488
50,2.1253777802388694,0.04045260253076931,-1.2940853231612488
50,2.3371258297724093,-0.7190330199918044,-1.2940853231612488
50,3.2290318167385235,0.5604361844953812,-1.2940853231612488
50,3.6652851881813553,0.7763376137148152,-1.2940853231612488
50,4.116556925811603,1.7452101762072714,-1.2940853231612488
50,4.62312624990505,0.865346430887047,-1.2940853231612488
50,4.725461606155287,1.732717493424004,-1.2940853231612488
50,4.760143163336037,0.5910905837699307,-1.2940853231612488
50,5.095682868673945,2.0232886082110277,-1.2940853231612488
50,5.347082439825925,2.653812061637944,-1.2940853231612488
50,6.206582988500849,2.119988149892543,-1.2940853231612488
50,6.249952830207728,2.018420997723812,-1.2940853231612488
50,7.206741864466464,2.5407562445234873,-1.2940853231612488
50,9.718254074375558,3.7424522147337793,-1.2940853231612488
50,9.864471238600409,4.491830688943999,-1.2940853231612488
51,0.9535971889774864,0.7422764742550565,-1.0387882102049535
51,1.3148761004483112,0.2721791158762668,-1.0387882102049535
51,1.3289617140427334,0.6101626600637532,-1.0387882102049535
51,1.9215649250013789,0.13946813958291115,-1.0387882102049535
51,3.553597199404267,0.9594396817601698,-1.0387882102049535
51,3.8445056369017006,1.9653287964782717,-1.0387882102049535
51,4.312657393179653,0.8165680282077916,-1.0387882102049535
51,4.604320180841811,2.558522920804175,-1.0387882102049535
51,5.099709614859194,3.2696197217360794,-1.0387882102049535
51,6.4032850523099425,2.882186053199984,-1.0387882102049535
51,6.643920645371047,3.1708272441663996,-1.0387882102049535
51,6.6801846441924395,2.037119153239118,-1.0387882102049535
51,9.10234726326829,3.6457114229779286,-1.0387882102049535
51,9.380716468151995,4.661107192354618,-1.0387882102049535
52,0.15350375887343337,3.8732278906122297,1.7437122251229307
52,0.3632020120266055,3.7122674045289674,1.7437122251229307
52,0.7207293172936391,3.4456464188626486,1.7437122251229307
52,1.6460129820040847,4.54260941707935,1.7437122251229307
52,3.7337211201001086,4.986291279261549,1.7437122251229307
52,3.7602470738666427,6.1368088072473395,1.7437122251229307
52,4.884399040674952,5.997514551875292,1.7437122251229307
52,6.947977632234102,6.837008608931037,1.7437122251229307
52,7.376212645374341,7.003687444650688,1.7437122251229307
52,7.549301952760622,7.261921660401291,1.7437122251229307
52,8.79013840827006,7.767959270637312,1.7437122251229307
52,9.225908749494835,7.802218369129726,1.7437122251229307
53,1.8201917869814332,-0.21928820900621437,-0.7980627352410625
53,1.9482271219692193,0.3388560888102727,-0.7980627352410625
53,2.0626876713419873,0.12164425234886733,-0.7980627352410625
53,2.3700649735582777,1.5437892564694484,-0.7980627352410625
53,3.087566680444891,1.4371678102317949,-0.7980627352410625
53,3.4116375674907062,2.1751251520952257,-0.7980627352410625
53,3.785783117571593,2.1902601140990545,-0.7980627352410625
53,4.7692396207007075,1.8790404474749525,-0.7980627352410625
53,5.45629251849432,1.9376088064353887,-0.7980627352410625
53,6.360369718338631,3.1894255477761804,-0.7980627352410625
53,6.8820676666199745,2.9276862882777848,-0.7980627352410625
53,7.144268938094974,3.563384936686254,-0.7980627352410625
53,7.34936672498557,3.112013290800487,-0.7980627352410625
53,7.381498945220425,3.063042743149982,-0.7980627352410625
53,7.918494814037873,3.6916578993869855,-0.7980627352410625
53,8.680790554095264,4.61035148439003,-0.7980627352410625
53,9.939682344806663,4.926017017198526,-0.7980627352410625
54,0.7528317478011393,0.4946575347576332,0.02968323030333022
54,1.2394976773021804,0.9132174286295017,0.02968323030333022
54,1.2527155704364346,1.408428321955943,0.02968323030333022
54,3.8818585359364723,2.884024802510945,0.02968323030333022
54,4.682804324662005,3.816603087439337,0.02968323030333022
54,4.732499038703242,2.950616057559464,0.02968323030333022
54,5.410697137211637,3.9902043049608205,0.02968323030333022
54,6.31909487720967,3.7761349016182426,0.02968323030333022
54,6.648384647582576,4.218532124284065,0.02968323030333022
54,6.668450903172161,5.237501024706268,0.02968323030333022
54,8.198034720976853,5.320164227938992,0.02968323030333022
54,8.379081639895395,4.926421683189228,0.02968323030333022
54,9.240940454199755,5.5498962419911475,0.02968323030333022
54,9.383158347130925,6.091881337041873,0.02968323030333022
55,0.5270395235656733,3.3294223163125807,1.0693159694243486
55,1.3644574163624723,3.3122195962086995,1.0693159694243486
55,1.4663300768780052,2.5394904371492664,1.0693159694243486
55,1.5671899563329195,3.208123256456223,1.0693159694243486
55,1.6409460395993214,3.91447692308821,1.0693159694243486
55,2.811919322762868,3.704747992022011,1.0693159694243486
55,3.0811461565358735,4.4022695191239345,1.0693159694243486
55,3.8904181751907805,4.940810341365265,1.0693159694243486
55,4.035122300564389,4.61238622181806,1.0693159694243486
55,5.449936433389054,4.764962961528938,1.0693159694243486
55,5.4634515812777265,5.178311477462423,1.0693159694243486
55,5.5577607618794485,5.488619938425114,1.0693159694243486
55,6.862116609069866,6.5541264445396585,1.0693159694243486
55,7.312728772453129,6.227573892730053,1.0693159694243486
55,7.726429048082586,6.456635388099381,1.0693159694243486
55,9.016080380468955,6.572701831274468,1.0693159694243486
55,9.06310884884802,7.2117182396691994,1.0693159694243486
55,9.406776432373201,7.2363469687064175,1.0693159694243486
56,0.6290048403915938,2.1288766142238487,0.8907063912931708
56,1.0187304728747981,3.185776315986561,0.8907063912931708
56,1.03379156744269,2.6275537447378556,0.8907063912931708
56,1.0596800170217302,2.4862351658086617,0.8907063912931708
56,2.0159547754619633,2.455852440976034,0.8907063912931708
56,3.8715615222952158,3.798894524340664,0.8907063912931708
56,5.359524720840694,4.669128684542654,0.8907063912931708
56,5.939525698677102,5.375683137891745,0.8907063912931708
56,8.808389446391839,6.440496069240033,0.8907063912931708
56,9.115793391958485,6.138592129339136,0.8907063912931708
56,9.540435424275799,6.279305892003974,0.8907063912931708
56,9.574806763280627,8.118992581801773,0.8907063912931708
56,9.877431143193203,6.226202792212435,0.8907063912931708
56,9.966711741784792,6.43145196530987,0.8907063912931708
57,0.4157813350129058,3.7206849519473293,1.7548861819811095
57,0.5079071462961138,3.2121463133748573,1.7548861819811095
57,1.072086408347247,4.7311114715986085,1.7548861819811095
57,1.4275034584107638,4.485370967656175,1.7548861819811095
57,1.500682572711547,4.232909023845782,1.7548861819811095
57,1.9580672728790927,4.973588891790424,1.7548861819811095
57,2.1342988373432004,4.535459878387121,1.7548861819811095
57,3.2310676535888083,4.881557056296366,1.7548861819811095
57,3.4225501562035774,5.191092411941744,1.7548861819811095
57,6.527307705078412,7.258561079119987,1.7548861819811095
57,6.729187052668639,7.5411738977908005,1.7548861819811095
57,6.749568032107042,6.215800068990326,1.7548861819811095
57,8.003772780984121,7.775006738016612,1.7548861819811095
57,8.028515231623349,8.665485731702406,1.7548861819811095
57,8.968520783834165,8.418639305551869,1.7548861819811095
57,9.072795115882421,8.505152540587853,1.7548861819811095
57,9.105897867064632,8.027269439098111,1.7548861819811095
57,9.14603292478657,7.584513883677681,1.7548861819811095
57,9.269595789909962,8.231932827116399,1.7548861819811095
57,9.700093119763515,8.698799455934545,1.7548861819811095
58,0.6231149724534057,2.829306197075955,1.4956441370334692
58,1.7170487267633905,3.773104660673737,1.4956441370334692
58,2.9436002455387644,3.7589216940035595,1.4956441370334692
58,4.20151280711639,4.867281375024948,1.4956441370334692
58,5.264420482353803,5.505236034474443,1.4956441370334692
58,5.727549380297928,6.095585217845824,1.4956441370334692
58,6.117837355815211,6.720486294744394,1.4956441370334692
58,6.424677889362212,6.5296845119154785,1.4956441370334692
58,6.633419086549662,7.115146556687356,1.4956441370334692
58,6.996277110618365,6.495006745532818,1.4956441370334692
58,8.74265099034896,8.30997969813633,1.4956441370334692
58,9.254019325013713,6.995821149279618,1.4956441370334692
58,9.743256589147727,8.307570955155947,1.4956441370334692
59,0.24510605256616524,2.0663214381542483,1.0693926697057368
59,0.9476501618706412,3.5010307800705136,1.0693926697057368
59,1.4818921619256187,2.764349325734505,1.0693926697057368
59,1.5851223109706958,2.7333226489754785,1.0693926697057368
59,1.6344835772824473,3.139113380524413,1.0693926697057368
59,1.693817929421877,3.8948861709071227,1.0693926697057368
59,2.3716863632122918,4.289631093832832,1.0693926697057368
59,2.792867445575382,3.961274491386115,1.0693926697057368
59,2.989805351641194,4.144750790035141,1.0693926697057368
59,4.551171594127112,5.261537488746012,1.0693926697057368
59,6.117810780768902,5.240069747994376,1.0693926697057368
59,6.5094773321576955,5.487408349328037,1.0693926697057368
59,7.779578258276425,6.958757184099783,1.0693926697057368
59,9.27635995532156,6.867450076356387,1.0693926697057368
60,2.4525218436225806,0.5725010242492126,-0.7727087142471915
60,2.6723354355617133,1.3072919756722199,-0.7727087142471915
60,5.066157047032779,1.856251243435127,-0.7727087142471915
60,7.871633897857695,3.1176855116405338,-0.7727087142471915
61,1.252379390108308,3.077841137714302,0.7948626677932181
61,1.6373939589995679,2.338345776093234,0.7948626677932181
61,5.176889441566361,4.579394304248346,0.7948626677932181
61,9.981820246744912,7.698052727484139,0.7948626677932181
62,1.2526116839836487,1.981678358171554,0.31427199450686705
62,1.5954570847529614,2.6400174230941413,0.31427199450686705
62,2.352922255411266,2.595820259707626,0.31427199450686705
62,3.7653833515344726,3.606714273081019,0.31427199450686705
62,4.702970874899165,3.434604095238004,0.31427199450686705
62,5.59460097966737,4.6872595885445065,0.31427199450686705
62,6.039747328782185,3.9416740108555413,0.31427199450686705
62,6.188140931832097,4.862344018301114,0.31427199450686705
62,7.010009311464747,5.242741344799367,0.31427199450686705
62,7.072964168595174,5.211253994189735,0.31427199450686705
62,7.762622217013506,5.129177278143423,0.31427199450686705
62,8.076711402923788,5.889846809705967,0.31427199450686705
62,8.558768979927544,4.832160050442252,0.31427199450686705
62,8.700416386858617,6.210227091373588,0.31427199450686705
62,9.447322135561517,6.290788014307517,0.31427199450686705
62,9.493802269363353,6.743788462712905,0.31427199450686705
62,9.990669379827281,6.566767174132215,0.31427199450686705
63,3.2392521520835427,0.8699268061940615,-1.326265459940456
63,3.4332488137705597,0.6516906772650133,-1.326265459940456
63,4.670485197861946,1.5473879494150526,-1.326265459940456
63,6.476939667252623,2.024111478634078,-1.326265459940456
63,7.585409783736936,2.7882194809478706,-1.326265459940456
63,7.68000272268724,3.5319506653578108,-1.326265459940456
63,8.11176165400107,2.875838474545083,-1.326265459940456
64,0.5013490986804958,3.601430200033568,1.4172990464768525
64,2.815010130405655,3.86118877531397,1.4172990464768525
64,3.4401719518305693,5.7438131570098125,1.4172990464768525
64,3.502958111137693,3.563875959296942,1.4172990464768525
64,4.745421301321885,5.129735206982843,1.4172990464768525
64,4.812152601998234,5.2710805249048995,1.4172990464768525
64,5.7367620088417155,6.770594891084748,1.4172990464768525
65,0.12585081256841768,3.0863242871953993,0.8072365345785665
65,0.46607739646268853,2.262319130851426,0.8072365345785665
65,1.824010589597308,3.7266252295916846,0.8072365345785665
65,2.6291498956023984,3.9635929017847094,0.8072365345785665
65,2.9149752623632352,3.9369648635763994,0.8072365345785665
65,3.324272336311187,3.928953779301876,0.8072365345785665
65,4.631583024603722,4.695538249661065,0.8072365345785665
65,5.429144088845266,4.816730259354578,0.8072365345785665
65,5.876040186834354,6.067309147148325,0.8072365345785665
65,7.775902765090704,5.73960460653547,0.8072365345785665
65,8.753584324410392,7.155119311216013,0.8072365345785665
65,9.35302906924476,7.662230197123038,0.8072365345785665
65,9.758343650786836,6.9284594608499175,0.8072365345785665
65,9.783917949684906,7.685737256356357,0.8072365345785665
66,0.9266186631331097,1.267998481577179,0.045490080631097156
66,1.308254412502623,1.5997797929484492,0.045490080631097156
66,2.0246503511561844,1.2484075840637696,0.045490080631097156
66,2.3988605179931675,1.91008762573374,0.045490080631097156
66,2.6401044886212723,1.662372764334728,0.045490080631097156
66,4.712126184236746,3.6070666613836395,0.045490080631097156
66,4.87981233967972,3.159646288390884,0.045490080631097156
66,4.913187913661421,2.97411794286987,0.045490080631097156
66,5.584191676698056,3.6826237413453335,0.045490080631097156
66,5.9556689492098105,3.4536311175868297,0.045490080631097156
66,5.975464095938579,4.210475578809752,0.045490080631097156
66,5.977654058427672,4.1992858971722,0.045490080631097156
66,6.007775521575041,3.914266586705297,0.045490080631097156
66,6.10675478546756,3.756274773473713,0.045490080631097156
66,6.648146037998518,3.722587452523122,0.045490080631097156
66,7.106780464042953,4.899303655592142,0.045490080631097156
66,7.575711866062608,4.9704514239456685,0.045490080631097156
66,7.837480838672351,5.219133272344044,0.045490080631097156
66,9.55999893090839,5.6950168959245175,0.045490080631097156
67,0.36462209052299466,0.7237112009941761,-0.2330920609844135
67,1.4099894815735226,1.8105064815328245,-0.2330920609844135
67,1.8797407812029732,1.9260688379662083,-0.2330920609844135
67,2.952301250926208,2.386274214361477,-0.2330920609844135
67,3.303616021441298,2.616041967411941,-0.2330920609844135
67,3.353755253114578,1.8427671577694076,-0.2330920609844135
67,3.955478819173636,2.9286248647354745,-0.2330920609844135
67,4.1982972945341235,2.2888687074291703,-0.2330920609844135
67,5.251074120385873,3.7495485696023687,-0.2330920609844135
67,7.507886462272336,4.14902257255251,-0.2330920609844135
67,8.91700574873102,5.249677821942229,-0.2330920609844135
68,0.36701149851919634,-1.1593381822006532,-1.198301144700787
68,3.430001601118385,0.9275296354601785,-1.198301144700787
68,3.9301829644431816,0.9275894542373343,-1.198301144700787
68,6.657209955408584,2.0694456623425515,-1.198301144700787
68,6.764801094681257,3.168919111058737,-1.198301144700787
68,7.782574330305314,3.936326195913611,-1.198301144700787
68,8.840195943773674,3.7117833633844852,-1.198301144700787
69,0.20437433114040782,2.164472734339487,0.19952407355863258
69,0.4856519872558607,1.441806511583691,0.19952407355863258
69,0.6893525626696084,1.3523277330169652,0.19952407355863258
69,1.1188004863720113,1.266645136133973,0.19952407355863258
69,1.6525643494248243,2.6658748222892807,0.19952407355863258
69,1.6652162258466374,0.5467123917231742,0.19952407355863258
69,1.8261537762820657,2.252243047187464,0.19952407355863258
69,3.0308445575746723,2.853633591583793,0.19952407355863258
69,3.0444890683540926,3.2601376132771014,0.19952407355863258
69,3.5843182905300033,2.688744568181251,0.19952407355863258
69,5.37757575014963,3.5694363437652448,0.19952407355863258
69,5.568426866726991,4.388708400089816,0.19952407355863258
69,6.570475335864225,4.1334026889467745,0.19952407355863258
69,6.945527161675996,5.298020847095477,0.19952407355863258
69,7.302217823582159,5.738435587918638,0.19952407355863258
69,9.189383325995879,5.058660444770196,0.19952407355863258
70,1.1347264961242975,2.2099732564638304,0.46843911944564426
70,1.3029883608229764,2.388529947038416,0.46843911944564426
70,1.597926784963305,1.9175126544750154,0.46843911944564426
70,2.090227372668444,2.4162771243656795,0.46843911944564426
70,2.3841009773100263,3.10417557833723,0.46843911944564426
70,5.004081041563351,4.02398419698824,0.46843911944564426
70,6.274891025077695,5.161716969362463,0.46843911944564426
70,6.969428813556309,3.9810110962218004,0.46843911944564426
70,7.181131974643693,4.646192875533023,0.46843911944564426
70,7.781258176280202,5.415234030305523,0.46843911944564426
70,8.454654094574085,5.045883621033061,0.46843911944564426
70,8.586916372560475,5.986295013586337,0.46843911944564426
70,8.716034864229655,6.868764232118263,0.46843911944564426
70,9.272864253604688,6.169784922837892,0.46843911944564426
70,9.727144339230987,6.955766008066286,0.46843911944564426
70,9.78021295753748,6.625979943258432,0.46843911944564426
71,0.06129665443813548,0.3500429570094443,-0.8311549842432792
71,0.1732756389157486,0.07706088255568402,-0.8311549842432792
71,0.20925652006904105,-0.39908694907983316,-0.8311549842432792
71,3.4232253318404937,0.7562964946552063,-0.8311549842432792
71,5.288388013605683,1.376227971399217,-0.8311549842432792
71,5.511406877728275,1.9948329130538178,-0.8311549842432792
71,6.362228077999395,2.561596654355534,-0.8311549842432792
71,6.574451127808252,2.885487511342192,-0.8311549842432792
71,8.231548347083265,3.2981306710452216,-0.8311549842432792
71,8.579826156069782,4.5063634479640235,-0.8311549842432792
72,1.1478420385517674,3.3606441664698097,1.1622040490995293
72,1.6161821102112262,3.4612550730273948,1.1622040490995293
72,1.7395441352742314,4.139079846743982,1.1622040490995293
72,1.9985699806101964,4.221245369863151,1.1622040490995293
72,2.743118984320767,4.392995570849765,1.1622040490995293
72,3.169212541327383,4.795509628825988,1.1622040490995293
72,3.217532719528812,3.8940858336816295,1.1622040490995293
72,3.67004011417397,3.8422584971026796,1.1622040490995293
72,4.6090679379360395,4.745285333540644,1.1622040490995293
72,4.90585745746685,5.2758610853468495,1.1622040490995293
72,4.972085161815811,5.7069841146737295,1.1622040490995293
72,6.961918568146248,5.554901326754497,1.1622040490995293
72,7.073326060258878,6.272281249766079,1.1622040490995293
72,7.235747844918555,6.492387634548775,1.1622040490995293
72,8.181748001564971,7.216489776927752,1.1622040490995293
72,9.512020906108923,6.671718815658847,1.1622040490995293
72,9.958832336722022,6.513834537230166,1.1622040490995293
73,0.23873536321624256,-0.13441256416048547,-1.0972030464830342
73,0.82742090090271,-0.5636147617646549,-1.0972030464830342
73,1.6021324836364481,0.5109814406741597,-1.0972030464830342
73,3.0148412025039106,0.6684985814685398,-1.0972030464830342
73,3.26793339759637,1.6467408734207827,-1.0972030464830342
73,3.288717551263808,1.1689556821003464,-1.0972030464830342
73,4.0923210861071455,0.7580686111720181,-1.0972030464830342
73,4.215176542729612,0.9238144018676776,-1.0972030464830342
73,4.295650318128535,0.7544903280883527,-1.0972030464830342
73,4.385230038465303,1.5533542740695787,-1.0972030464830342
73,4.884275714071183,2.5988483654608334,-1.0972030464830342
73,6.354844420706977,2.500683978812422,-1.0972030464830342
73,7.208572381056847,2.9424987259153608,-1.0972030464830342
73,7.554664064249725,2.9133649531613726,-1.0972030464830342
73,7.831016057411478,3.2905450141838855,-1.0972030464830342
73,7.9898520498474115,3.998451776098154,-1.0972030464830342
73,9.899406811321418,4.753663048554262,-1.0972030464830342
74,1.2566459249036732,-1.7504952414012098,-2.1231003500424417
74,1.3658514205459382,-1.891195518106537,-2.1231003500424417
74,1.6711056595395868,-1.3550536444595331,-2.1231003500424417
74,1.7186536444225853,-0.9670938949552403,-2.1231003500424417
74,1.842620318153776,-1.4416210432994578,-2.1231003500424417
74,2.8542688529667624,-1.6561055658584305,-2.1231003500424417
74,2.8851548664097293,-1.1442903842208043,-2.1231003500424417
74,3.191975580319648,-0.3700192303580795,-2.1231003500424417
74,3.4990087525287414,-1.3394773723022353,-2.1231003500424417
74,4.126620068098202,-1.19378818952766,-2.1231003500424417
74,4.552827605969004,-0.3173170294940472,-2.1231003500424417
74,4.862877514347787,-0.5537120087799655,-2.1231003500424417
74,5.67119832106637,0.3869352178733679,-2.1231003500424417
74,5.858500211227085,0.4720709596821523,-2.1231003500424417
74,6.814940536098871,0.9411272115867322,-2.1231003500424417
74,6.950827277247662,1.218425506576451,-2.1231003500424417
74,8.200532907220214,1.5474312934881327,-2.1231003500424417
74,9.063107347080788,2.672585460346037,-2.1231003500424417
75,1.096537295080341,3.371517486882445,1.0397270908927005
75,1.2311125715510618,2.133829169887961,1.0397270908927005
75,1.3509562290513888,3.521630477568078,1.0397270908927005
75,2.5129481380276486,4.086157388419259,1.0397270908927005
75,3.3890599743879077,4.141597405057844,1.0397270908927005
75,5.313723258499536,4.553346596864996,1.0397270908927005
75,5.353062444127631,6.11142388980817,1.0397270908927005
75,9.118468307009557,7.218823754864332,1.0397270908927005
75,9.49861580138726,8.07837579274758,1.0397270908927005
75,9.699898478600836,7.061264917991899,1.0397270908927005
76,0.1988343940855608,0.11876648660954209,-0.4033660381021075
76,0.848362890798271,1.6111018453217154,-0.4033660381021075
76,1.1909033700336502,0.5899544374621069,-0.4033660381021075
76,1.226711894712319,0.5603382989895542,-0.4033660381021075
76,1.6917664192382276,1.1910925591808463,-0.4033660381021075
76,1.8747410190111091,0.869126549909224,-0.4033660381021075
76,2.0972033406335533,1.7087771460373542,-0.4033660381021075
76,2.5512007120529034,0.48212897105420316,-0.4033660381021075
76,3.746083983289493,2.6048713778669503,-0.4033660381021075
76,4.2223754144273435,2.368134710594539,-0.4033660381021075
76,5.211113639899541,3.1205943632811235,-0.4033660381021075
76,5.274403398523484,2.599454900882757,-0.4033660381021075
76,6.400732858306029,4.014975558244651,-0.4033660381021075
76,6.508750446873468,4.002911543095454,-0.4033660381021075
76,6.5806401615685814,3.2706369916778377,-0.4033660381021075
76,6.5816447594263146,3.622041590865005,-0.4033660381021075
76,9.789438490257673,5.930145113246291,-0.4033660381021075
76,9.843851571654724,5.150399099332478,-0.4033660381021075
76,9.928331817684793,4.540262649967083,-0.4033660381021075
77,0.05681522873160261,0.562339155451006,-0.12602958531301514
77,4.373512621708552,2.2809978191193125,-0.12602958531301514
77,4.7549280776391845,3.698690388096951,-0.12602958531301514
77,5.359701755927926,4.1161600142704104,-0.12602958531301514
77,7.130496122011349,4.4745807715650505,-0.12602958531301514
77,7.839014335527925,3.8732269246068833,-0.12602958531301514
77,7.977585777948527,4.445302935064453,-0.12602958531301514
77,8.540099266507536,5.372815418499742,-0.12602958531301514
78,5.091018192412745,2.3179566511384855,-0.8375167228250533
78,5.292900885376971,2.570168017894016,-0.8375167228250533
78,8.616401314648522,4.131969152453996,-0.8375167228250533
79,1.3070116486023642,-0.6573864761544986,-1.6059627607174027
79,1.6193532088511264,-0.10147003065062826,-1.6059627607174027
79,1.779392215513712,-0.44026864323978415,-1.6059627607174027
79,3.8865199173356157,0.9515652845712368,-1.6059627607174027
79,5.541850784747978,0.8902892831025446,-1.6059627607174027
79,6.345837177674818,1.7300594048622702,-1.6059627607174027
79,7.006541305160464,2.8540620598446216,-1.6059627607174027
79,7.813069015320554,2.1029626016959937,-1.6059627607174027
79,8.618076613583707,2.998728748235454,-1.6059627607174027
80,0.17906706490331437,3.6616558673017083,1.2552373747242185
80,0.2336843803566402,2.507886802273719,1.2552373747242185
80,0.3084589330595988,1.8578079918936994,1.2552373747242185
80,0.7679438841085984,2.778068296514122,1.2552373747242185
80,1.722639791110152,4.303339826818817,1.2552373747242185
80,1.9524496328651009,4.6040088915255915,1.2552373747242185
80,2.3944095179331493,5.316138231219551,1.2552373747242185
80,2.8577248874941183,4.386958230256073,1.2552373747242185
80,4.7118633524170095,5.861008394436803,1.2552373747242185
80,4.968302256634183,6.110074208049941,1.2552373747242185
80,5.226659904161615,5.341123472106784,1.2552373747242185
80,5.895437924925583,5.786873851130525,1.2552373747242185
80,7.3488609059219625,7.452719357373658,1.2552373747242185
80,7.816234180844233,6.671299446118278,1.2552373747242185
80,8.925718087484398,7.953473643591151,1.2552373747242185
80,9.684821212263957,8.378815876631732,1.2552373747242185
81,1.0464607941421211,0.9531266916918038,-0.6888689838469215
81,1.0574775795125868,1.2890699729820638,-0.6888689838469215
81,2.365601496687403,1.1540618322615448,-0.6888689838469215
81,2.489046372000879,1.2629485844165793,-0.6888689838469215
81,2.583858832400705,1.7241326964159387,-0.6888689838469215
81,3.940133402040434,1.9158169288683364,-0.6888689838469215
81,4.4233837014762525,1.791195892774133,-0.6888689838469215
81,4.508239902671073,2.7229238611836273,-0.6888689838469215
81,7.454064717602378,3.9815526629023443,-0.6888689838469215
81,7.734293578008672,3.5271862628207864,-0.6888689838469215
81,9.668064266640696,4.7223786659844995,-0.6888689838469215
81,9.905648986352292,5.179374287920143,-0.6888689838469215
81,9.922823684823763,5.700238734916515,-0.6888689838469215
82,0.09988307001937757,3.0363172457410372,1.6609524881479396
82,0.9507998144922047,4.371991438210274,1.6609524881479396
82,1.0289109647605743,4.5898795103145025,1.6609524881479396
82,1.2240922081464622,4.351339294056977,1.6609524881479396
82,2.243697762950556,4.047299346716546,1.6609524881479396
82,2.8816302522749027,4.155454770599325,1.6609524881479396
82,5.928675678050754,6.660079351667592,1.6609524881479396
82,6.1314014749753865,6.051307593123149,1.6609524881479396
82,6.383069289693348,7.105130680111523,1.6609524881479396
82,8.440558354176822,7.56781572752976,1.6609524881479396
82,8.811524195925708,8.402998801881253,1.6609524881479396
82,9.353812922730764,9.231243505891687,1.6609524881479396
82,9.403708453480304,8.162121621366293,1.6609524881479396
83,0.46367050085398764,3.3983065998478597,0.8073081862107286
83,0.7215178443805581,1.5021379311254965,0.8073081862107286
83,1.06527174607002,2.5086836653225792,0.8073081862107286
83,3.59898545667526,4.352945768506303,0.8073081862107286
83,4.561673032215011,4.160175774691921,0.8073081862107286
83,5.056109770572883,4.596553003421613,0.8073081862107286
83,5.900111610933307,4.6358600187222985,0.8073081862107286
83,5.968493900966979,5.527849561009087,0.8073081862107286
83,6.08678056167375,5.4178335590862545,0.8073081862107286
83,6.328904278371606,5.899098036770779,0.8073081862107286
83,6.549007749382078,6.528866812241732,0.8073081862107286
83,7.209840319640694,6.147365147758874,0.8073081862107286
83,7.857804117573426,7.60998265603119,0.8073081862107286
83,9.892978413266183,6.3814060415459775,0.8073081862107286
84,0.37662283007665276,0.4805539005941205,-0.31475814671745994
84,0.7127100895884364,0.5942143896302854,-0.31475814671745994
84,4.00700368425487,2.829357772923137,-0.31475814671745994
84,5.703018962009377,3.3066273338268175,-0.31475814671745994
84,6.401782539581316,3.5413476084153777,-0.31475814671745994
84,6.4632903923752405,3.524251485896594,-0.31475814671745994
84,8.028289606973942,4.480459496243035,-0.31475814671745994
84,8.334763854823718,4.340666194129772,-0.31475814671745994
84,9.231848686776429,4.592928293970649,-0.31475814671745994
84,9.756921974528046,6.062794974215274,-0.31475814671745994
85,2.2144507474155706,-0.9420519058841521,-1.0859024011268665
85,2.2469278418373193,0.41656859335751134,-1.0859024011268665
85,2.384393181833283,0.657937476691021,-1.0859024011268665
85,2.5057775278831085,1.0375714162779879,-1.0859024011268665
85,2.8664027061984196,1.45978575625825,-1.0859024011268665
85,2.906129192515939,0.07910428065295372,-1.0859024011268665
85,4.077774828689158,1.9024475561942271,-1.0859024011268665
85,4.2361782218075295,1.2572183824133867,-1.0859024011268665
85,4.885499538524906,1.7778661184683373,-1.0859024011268665
85,6.253077402362931,2.4450509217049543,-1.0859024011268665
85,6.370169309855918,2.331473717827812,-1.0859024011268665
85,6.896640297361497,2.374511018548982,-1.0859024011268665
85,6.942879548101813,2.982194529967601,-1.0859024011268665
85,7.304566504221369,3.42900217274846,-1.0859024011268665
85,7.577009746026708,2.529765414943057,-1.0859024011268665
85,8.84450236757894,3.783668203912509,-1.0859024011268665
85,9.176463544287232,3.644872043109965,-1.0859024011268665
85,9.351310200857956,4.594762387647972,-1.0859024011268665
85,9.386526997953897,4.311199670758988,-1.0859024011268665
86,0.11599166429583252,0.7136554092799087,-0.732461986720457
86,0.44798770478110206,0.29651216034985906,-0.732461986720457
86,0.4501262157537511,0.7473784391180041,-0.732461986720457
86,0.7504707773455133,0.19410481908213334,-0.732461986720457
86,1.3561922053690978,0.5871890141118027,-0.732461986720457
86,2.1528461895130557,0.6509757682102975,-0.732461986720457
86,2.2368764581583243,1.3537889093170015,-0.732461986720457
86,2.7028771840439347,1.1450403673643563,-0.732461986720457
86,5.760647464565501,2.8746200465798593,-0.732461986720457
86,5.953222178199484,2.6431431025771097,-0.732461986720457
86,6.011592752505873,2.93072320303846,-0.732461986720457
86,6.138642125231179,2.430421580046407,-0.732461986720457
86,6.974191292146444,3.46884724940526,-0.732461986720457
86,7.434976965794155,3.3175078907025672,-0.732461986720457
87,2.6914712087639825,0.8766151849533579,-1.2125231310951696
87,3.655436597928791,0.994741516934837,-1.2125231310951696
87,3.7654870181097255,0.9384151777555927,-1.2125231310951696
87,3.7962377564586602,1.752520815424523,-1.2125231310951696
87,6.576857569099604,2.1790374022678796,-1.2125231310951696
87,6.79066489576652,3.0022492830265555,-1.2125231310951696
87,7.079515394799213,2.635102368220068,-1.2125231310951696
87,7.440546072634384,3.804760311046289,-1.2125231310951696
87,9.364305926423095,3.911418517346443,-1.2125231310951696
88,2.088937949093288,5.387110820725418,2.0871133595881854
88,4.203056905158409,5.9595707880775315,2.0871133595881854
88,4.279137690684461,6.373794161439723,2.0871133595881854
88,5.821986367835286,7.465056573949853,2.0871133595881854
88,6.248016733802513,7.485481102898918,2.0871133595881854
88,7.272714231228369,7.21885040240814,2.0871133595881854
88,7.354297316080869,7.3690095590477505,2.0871133595881854
88,7.451852797274647,7.651975629648592,2.0871133595881854
88,7.532748672608251,7.79463762491422,2.0871133595881854
88,8.130979401315818,8.274796354242115,2.0871133595881854
88,8.179782280166645,7.732013927813487,2.0871133595881854
88,9.402602806061974,9.229449359466411,2.0871133595881854
89,2.2541927898195446,3.2827875533842024,0.16444123022982496
89,2.4100680316886667,2.8182996456632834,0.16444123022982496
89,3.5128464604285536,3.038225275092172,0.16444123022982496
89,4.260580243360209,3.4013020003267176,0.16444123022982496
89,5.411906632383886,3.1327469506845276,0.16444123022982496
89,5.58029568435929,4.095956816541631,0.16444123022982496
89,7.879398041273353,4.68537330875551,0.16444123022982496
89,8.228045162656972,5.781793896437439,0.16444123022982496
89,9.820904619085674,7.695039611153689,0.16444123022982496
90,0.3899356422490585,2.8168824928367346,1.1502055425466322
90,0.8446852808093441,3.6234621159826084,1.1502055425466322
90,1.3722174919585184,3.7006505168901778,1.1502055425466322
90,2.20956538133797,3.786068930196903,1.1502055425466322
90,2.3236419061114155,3.2528626259578557,1.1502055425466322
90,3.1175092588114484,5.04298756756354,1.1502055425466322
90,3.6645328059542646,4.877992862224715,1.1502055425466322
90,4.408905277857499,4.711435512146552,1.1502055425466322
90,4.459609177967607,4.7785627095272565,1.1502055425466322
90,7.150100925669337,6.6171447006137125,1.1502055425466322
90,7.334699073298788,6.3611589987345845,1.1502055425466322
90,7.839993154214074,5.63340462279824,1.1502055425466322
91,0.6375169807025671,-0.8933856512046829,-1.2673520490102275
91,3.38812040315158,1.054642476513344,-1.2673520490102275
91,4.788203765591932,1.6797956990089662,-1.2673520490102275
91,5.310156206388845,1.3623752193774397,-1.2673520490102275
91,6.660782539967873,3.183902061395938,-1.2673520490102275
91,6.771450831938703,1.85500781630544,-1.2673520490102275
91,8.377878225924956,3.032630654494843,-1.2673520490102275
92,0.5471965649882538,1.2593970346437842,0.18103512959700388
92,0.6052907747119618,1.6268864807323107,0.18103512959700388
92,1.0354854474205266,2.244391521587247,0.18103512959700388
92,1.0533884524339787,1.883366009700552,0.18103512959700388
92,1.9129765481073113,1.3343816953263872,0.18103512959700388
92,3.2811219829768423,2.305615441604359,0.18103512959700388
92,4.000083229852855,3.3615748702860127,0.18103512959700388
92,4.117914007629999,3.4002391513299943,0.18103512959700388
92,5.539876552170807,4.322412485607411,0.18103512959700388
92,8.57112039753789,6.53855477448672,0.18103512959700388
92,8.719959257512889,5.359087562824181,0.18103512959700388
92,9.192759964042626,6.0919081536691655,0.18103512959700388
92,9.772260389412633,6.216593499040718,0.18103512959700388
93,1.0366174092073999,3.573917233522596,1.1778619388085783
93,3.2234967935610923,4.329910645322142,1.1778619388085783
93,3.77948523694052,4.975226019455927,1.1778619388085783
93,3.8544794180773545,4.949834645298148,1.1778619388085783
93,5.232791357893048,4.76014960355937,1.1778619388085783
93,5.899232724710908,5.952801781929159,1.1778619388085783
93,6.170422735758531,6.084816183097517,1.1778619388085783
93,6.421500702221575,6.37587719337639,1.1778619388085783
93,6.942646397219015,5.819574412906395,1.1778619388085783
93,7.473276157714563,7.0504860371361575,1.1778619388085783
93,7.940454617868474,6.653621471501983,1.1778619388085783
93,8.261317996898732,7.891589073346278,1.1778619388085783
93,9.124280548694376,8.205149659839092,1.1778619388085783
93,9.30889323674293,7.117209430728407,1.1778619388085783
93,9.497462735855514,6.830914978692119,1.1778619388085783
93,9.510511751718045,7.8706700063598065,1.1778619388085783
93,9.66505675963062,7.189336771224205,1.1778619388085783
94,0.7465571610519395,0.27704580689037417,-0.3350107619330159
94,1.2609829085975588,1.3668414982784638,-0.3350107619330159
94,1.9095885932028112,1.994281901673689,-0.3350107619330159
94,2.546266523254154,1.7755027051985264,-0.3350107619330159
94,2.6978628491233945,2.6207564010511604,-0.3350107619330159
94,2.7718425924419976,1.813451477350621,-0.3350107619330159
94,3.382938287671109,2.394636876875973,-0.3350107619330159
94,4.7633731423678105,2.416436941735578,-0.3350107619330159
94,6.198783338227911,3.8160909776266596,-0.3350107619330159
94,6.443009647452814,3.4349190344710117,-0.3350107619330159
94,6.507108300118994,3.3908423503651375,-0.3350107619330159
94,6.85448562690501,4.714778474513439,-0.3350107619330159
94,7.775741660017784,3.750244259522449,-0.3350107619330159
94,7.828785074978962,4.354492166000697,-0.3350107619330159
94,8.108319710217978,4.908038844248812,-0.3350107619330159
94,9.52526551741508,5.37715206891613,-0.3350107619330159
95,2.1827828191609977,3.5851128155449805,1.0311144589217422
95,3.1515657178836918,4.455393245905084,1.0311144589217422
95,4.094461241212937,4.508860095972195,1.0311144589217422
95,4.417603903659446,4.847938546912648,1.0311144589217422
95,4.951286116750181,6.153208173650619,1.0311144589217422
96,0.6810449211167824,0.2763907090589236,-1.0845679120057665
96,1.427199340119737,0.031042647345060577,-1.0845679120057665
96,1.7286471482732102,0.26786833953732525,-1.0845679120057665
96,2.497230209695116,0.8070039343282306,-1.0845679120057665
96,5.021513750546692,2.0239069647608474,-1.0845679120057665
96,5.632315224809749,1.6529921233213898,-1.0845679120057665
96,7.6714717110775865,3.017211419233145,-1.0845679120057665
97,0.2952491173402938,-0.32124787872050353,-1.3634715446185843
97,0.6721941072253879,-0.7767147744809348,-1.3634715446185843
97,1.0493910075817514,-0.7378523402244376,-1.3634715446185843
97,1.7676923735380223,-0.5337881880172848,-1.3634715446185843
97,2.189040545165508,-0.014254487212858574,-1.3634715446185843
97,4.377919203207995,0.47866570669760966,-1.3634715446185843
97,4.588983984524671,0.3933267730310319,-1.3634715446185843
97,5.687898308228007,2.305413849483781,-1.3634715446185843
97,5.84641108640435,0.7393343925584346,-1.3634715446185843
97,6.613856040318109,1.58827682707982,-1.3634715446185843
97,7.2724121673544575,2.7123910655656824,-1.3634715446185843
97,7.889954824262485,2.5627826021019167,-1.3634715446185843
97,8.149909674486826,3.082255928764608,-1.3634715446185843
98,0.9401800493990853,2.669443000750804,0.37940061207813613
98,1.4758254405383364,2.60627875918711,0.37940061207813613
98,1.8632002850980178,2.954171243774525,0.37940061207813613
98,2.64075213973186,1.7493738321857795,0.37940061207813613
98,3.1652009100671097,2.830609695102469,0.37940061207813613
98,3.219071401904008,3.0495638788227684,0.37940061207813613
98,4.071780667835369,3.3752968405951287,0.37940061207813613
98,4.551078963974346,3.9656290898069675,0.37940061207813613
98,5.0536977426976035,4.522177235658097,0.37940061207813613
98,6.590457633963887,4.747832933585983,0.37940061207813613
98,7.416699199684432,5.421636538470654,0.37940061207813613
98,8.797501902538508,5.593026936745996,0.37940061207813613
98,9.08793922638859,5.321039063008331,0.37940061207813613
99,2.749956023054004,1.847500366381147,-0.3791764345725522
99,2.7651907329290735,2.513617376095647,-0.3791764345725522
99,2.8030393699298295,0.6226058341507505,-0.3791764345725522
99,2.896966666678189,1.2602503290370688,-0.3791764345725522
99,3.065640106238935,2.234998731012294,-0.3791764345725522
99,3.833211895025561,2.4687249046790227,-0.3791764345725522
99,5.0119542543572475,3.4099747405844525,-0.3791764345725522
99,5.678230939154423,3.1611512592440656,-0.3791764345725522
99,5.716889224684899,3.3523540205912314,-0.3791764345725522
99,6.236635901414439,2.7610975417039088,-0.3791764345725522
99,6.3045911972922495,4.195561068494982,-0.3791764345725522
99,6.3278364772672715,3.9255103165275593,-0.3791764345725522
99,6.444761063660639,3.4515302595856383,-0.3791764345725522
99,6.8169289663700505,3.9784875828454673,-0.3791764345725522
99,7.040941664235014,4.803028778771333,-0.3791764345725522
99,7.524335697394359,4.562652068443841,-0.3791764345725522
99,8.928351154064748,5.304552102029165,-0.3791764345725522
99,9.18100359817952,3.9695135790724185,-0.3791764345725522
99,9.67462788292266,5.10846883547955,-0.3791764345725522
