epoch,training_loss,validation_loss,learning_rate
1,9.091757292611259,8.165213737487793,0.001
2,6.689219199589321,6.957854209264119,0.001
3,6.358240683419364,6.687635534922282,0.001
4,5.8689260515485495,5.83668257522583,0.001
5,4.711269348689488,4.425332006454468,0.001
6,3.7760990170070103,3.9155603624979656,0.001
7,3.6772213897705077,3.9123381773630777,0.001
8,3.6415552956717354,3.880749593734741,0.001
9,3.639915470123291,3.871134110768636,0.001
10,3.6447536926269533,3.874863274892171,0.001
11,3.6331708139692034,3.8747563959757487,0.001
12,3.6184668233054027,3.897012359619141,0.001
13,3.611437154497419,3.8611761309305828,0.001
14,3.585914665767125,3.8610224011739094,0.001
15,3.5742388779776437,3.864956782658895,0.001
16,3.5704610045296805,3.8787333285013834,0.001
17,3.582023444039481,3.861448876698812,0.001
18,3.5636514870779856,3.9035252908070883,0.001
19,3.5709883444649835,3.8540800457000732,0.001
20,3.5608579886300222,3.8616499474843344,0.001
21,3.543049703870501,3.8439459527333577,0.001
22,3.535833300999233,3.88408940633138,0.001
23,3.5701153433663504,3.864588647842407,0.001
24,3.547963957650321,3.849289281845093,0.001
25,3.558606887817383,3.867393438975016,0.001
26,3.5343334029061455,3.854747756322225,0.001
27,3.531394549233573,3.850719102859497,0.001
28,3.5257597950526645,3.8374765148162844,0.001
29,3.539942631312779,3.8372491410573324,0.001
30,3.5299288234710695,3.8407508551279705,0.001
31,3.518213770730155,3.8497070973714194,0.001
32,3.5142041511535647,3.8815420564015706,0.001
33,3.522013234274728,3.8551418895721437,0.001
34,3.508344698224749,3.843526943206787,0.001
35,3.5046789071219306,3.9227791709899904,0.001
36,3.5147147064208983,3.8935308055877687,0.001
37,3.516903345652989,3.9185845114390054,0.001
38,3.528308921405247,3.8508677021662394,0.001
39,3.5165488275800434,3.9470200837453207,0.001
40,3.5017907052721298,3.8851452134450275,0.0005
41,3.505404015677316,3.8708223145802814,0.0005
42,3.4998867563520157,3.8439079659779867,0.0005
43,3.497316327231271,3.845924730618795,0.0005
44,3.4976734730856758,3.8402586758931476,0.0005
45,3.4936611845833916,3.84116051197052,0.0005
46,3.4976603339059014,3.8449000600179035,0.0005
47,3.4986374304635186,3.8441136697133382,0.0005
48,3.495074881417411,3.846215625445048,0.0005
49,3.4934657974243164,3.8365318113962807,0.0005
50,3.5085779304504396,3.860179968516032,0.0005
51,3.5015153612409318,3.868291653315226,0.0005
52,3.4955243748256137,3.8419049784342447,0.0005
53,3.5025600226266045,3.8501359017690024,0.0005
54,3.4926535952431816,3.8448356536229453,0.0005
55,3.493929427555629,3.8480513089497883,0.0005
56,3.495867029462542,3.849491085370382,0.0005
57,3.4994728687831334,3.847232263247172,0.0005
58,3.4962363774435863,3.8387206052144367,0.0005
59,3.494397868156433,3.841435987472534,0.0005
60,3.486858394077846,3.842065981229146,0.00025
61,3.4833071071079797,3.839188393910726,0.00025
62,3.4815214266095844,3.8508296394348145,0.00025
63,3.486191557747977,3.850846240361532,0.00025
64,3.479205801827567,3.8436736974716186,0.00025
65,3.4947377624511717,3.8439744466145833,0.00025
66,3.48219427721841,3.848045457204183,0.00025
67,3.485447110857282,3.8504492349624635,0.00025
68,3.480591176714216,3.837883200327555,0.00025
69,3.484149321419852,3.8719670181274415,0.00025
70,3.482512979234968,3.8505235554377237,0.00025
71,3.4844803891863143,3.842537406285604,0.000125
72,3.480456321171352,3.8401187400817873,0.000125
73,3.4798287925720213,3.8393509124120078,0.000125
74,3.4789720246451243,3.839591479619344,0.000125
75,3.481134607042585,3.840049790700277,0.000125
76,3.4794348248073033,3.8381189228693646,0.000125
77,3.4801692237854005,3.8383883028030397,0.000125
78,3.4781572194780623,3.8388191092809043,0.000125
79,3.477899384907314,3.83678133392334,0.000125
80,3.4792606988634383,3.8374619382222495,0.000125
81,3.480181735447475,3.8430148375829063,0.000125
82,3.478794946398054,3.838779406229655,6.25e-05
83,3.4757972782679967,3.8397468897501628,6.25e-05
84,3.475227486201695,3.838015389760335,6.25e-05
85,3.4757738805498395,3.838892768541972,6.25e-05
86,3.4758809830801827,3.838869860013326,6.25e-05
87,3.4764319267272947,3.8384242668151853,6.25e-05
88,3.4775346518925256,3.839310115814209,6.25e-05
89,3.4758947868347168,3.840117077509562,6.25e-05
90,3.4756766619001116,3.839292136192322,6.25e-05
91,3.475982558114188,3.8383004926045734,6.25e-05
92,3.476511128289359,3.83846249071757,6.25e-05
93,3.4751644968305317,3.839937693277995,3.125e-05
94,3.4752501147133965,3.8395032777786255,3.125e-05
95,3.4747926627567836,3.8386618769963583,3.125e-05
96,3.4745767364501954,3.838836487452189,3.125e-05
97,3.474842637334551,3.8384135615030925,3.125e-05
98,3.4744499515805924,3.8387977266311646,3.125e-05
99,3.4751324912479946,3.8387791601816814,3.125e-05
100,3.4751214779445103,3.8383288888931273,3.125e-05
101,3.474958320890154,3.838528650601705,3.125e-05
102,3.4746109510149275,3.8387400954564415,3.125e-05
103,3.474156155722482,3.838464387893677,3.125e-05
104,3.4741245258876257,3.8376866938273113,1.5625e-05
105,3.474124337332589,3.8382556838989257,1.5625e-05
106,3.47443817956107,3.8385045077006024,1.5625e-05
107,3.4737387424196515,3.8385057754516603,1.5625e-05
108,3.474044639178685,3.838626166343689,1.5625e-05
109,3.473704069137573,3.838349945704142,1.5625e-05
110,3.4739998365129745,3.8383039871851605,1.5625e-05
111,3.473666518620082,3.8387807801564535,1.5625e-05
112,3.4738162749154227,3.8385886398951214,1.5625e-05
113,3.4738656975882396,3.838847601254781,1.5625e-05
114,3.473741523197719,3.838701742490133,1.5625e-05
115,3.4737940673828125,3.8386695267359414,7.8125e-06
116,3.4734084439958846,3.838469657580058,7.8125e-06
117,3.4734770742143906,3.838520809173584,7.8125e-06
118,3.473440982546125,3.8383821477890017,7.8125e-06
119,3.473418363571167,3.8383991305033365,7.8125e-06
120,3.473539554323469,3.83846409257253,7.8125e-06
121,3.4734063099452426,3.8384392941792806,7.8125e-06
122,3.473393372126988,3.8384383058547975,7.8125e-06
123,3.4734324509756904,3.8385432987213135,7.8125e-06
124,3.4735204718453545,3.8384818086624146,7.8125e-06
125,3.473501579829625,3.8386410528818766,7.8125e-06
126,3.4734876668112618,3.8385149002075196,3.90625e-06
127,3.4732624479021346,3.8385125233332316,3.90625e-06
128,3.473505958557129,3.838543608347575,3.90625e-06
129,3.473293791089739,3.8385672512054443,3.90625e-06
130,3.4733270748683385,3.8385657663345336,3.90625e-06
131,3.4732961951664514,3.8385505228042605,3.90625e-06
132,3.4732417133876257,3.838576761563619,3.90625e-06
133,3.4733206236703054,3.838589978218079,3.90625e-06
134,3.473344769341605,3.8385607290267942,3.90625e-06
135,3.4733041553497315,3.8385501772562662,3.90625e-06
136,3.473223884854998,3.8385528125762938,3.90625e-06
137,3.473272447041103,3.838588768641154,1.953125e-06
138,3.4732014323643274,3.8385606384277344,1.953125e-06
139,3.473173207419259,3.8385837926864625,1.953125e-06
140,3.4731984454563687,3.8385443274180093,1.953125e-06
141,3.473190040588379,3.8385471512476603,1.953125e-06
142,3.473179526737758,3.838532949447632,1.953125e-06
143,3.4732147674560547,3.838526975631714,1.953125e-06
144,3.473185866219657,3.8384813454945883,1.953125e-06
145,3.4731486827305385,3.8384994977315268,1.953125e-06
146,3.4731650124958584,3.838505179723104,1.953125e-06
147,3.473181495121547,3.8385411399205527,1.953125e-06
148,3.473145225797381,3.8384871934254963,1e-06
149,3.4731538434709823,3.838493174870809,1e-06
