condition,task,number_of_groups,group_names,total_parameters,trainable_parameters,epochs_completed,stopped_early,best_epoch,best_validation_loss,test_loss,accuracy,balanced_accuracy,sensitivity,specificity,true_positives,true_negatives,false_positives,false_negatives,mse,rmse,mae,r2
complete,classification,1,all_measurements,345,345,339,True,239,0.4326447049776713,0.5244747896989187,0.76,0.762987012987013,0.7380952380952381,0.7878787878787878,62.0,52.0,14.0,22.0,,,,
mcar,classification,1,all_measurements,345,345,305,True,205,0.5766013860702515,0.7044693827629089,0.5466666666666666,0.5043290043290043,0.8571428571428571,0.15151515151515152,72.0,10.0,56.0,12.0,,,,
mcar_to_complete,classification,1,all_measurements,345,345,391,True,303,0.49951788783073425,0.5583530267079672,0.7133333333333334,0.7018398268398269,0.7976190476190477,0.6060606060606061,67.0,40.0,26.0,17.0,,,,
group_specific,classification,2,"group_1, group_2",489,489,164,True,64,0.4682312111059825,0.5355431238810221,0.6866666666666666,0.6731601731601731,0.7857142857142857,0.5606060606060606,66.0,37.0,29.0,18.0,,,,
group_specific_to_complete,classification,1,all_measurements,345,345,284,True,184,0.47916118303934735,0.5944600701332092,0.6466666666666666,0.6244588744588745,0.8095238095238095,0.4393939393939394,68.0,29.0,37.0,16.0,,,,
group_specific_mcar,classification,2,"group_1, group_2",489,489,171,True,71,0.5925820072491964,0.6403751174608866,0.56,0.5016233766233766,0.9880952380952381,0.015151515151515152,83.0,1.0,65.0,1.0,,,,
group_specific_mcar_to_complete,classification,1,all_measurements,345,345,103,True,3,0.6413057446479797,0.7170583804448446,0.56,0.5,1.0,0.0,84.0,0.0,66.0,0.0,,,,
group_specific_mcar_to_group_specific,classification,2,"group_1, group_2",489,489,133,True,33,0.5340551535288492,0.5979959964752197,0.5733333333333334,0.520021645021645,0.9642857142857143,0.07575757575757576,81.0,5.0,61.0,3.0,,,,
complete,regression,1,all_measurements,345,345,500,False,499,4.334896008173625,3.4239631493886313,,,,,,,,,3.423963152544634,1.8503954043783815,1.4621995596587658,0.35782020518611124
mcar,regression,1,all_measurements,345,345,230,True,130,6.682531674702962,5.499154408772786,,,,,,,,,5.499154157608636,2.345027538774041,1.9161464570462703,-0.031391265399145496
mcar_to_complete,regression,1,all_measurements,345,345,500,False,475,4.355971654256185,3.705075979232788,,,,,,,,,3.70507613306213,1.9248574318796001,1.510770040899515,0.30509619265867416
group_specific,regression,2,"group_1, group_2",489,489,207,True,107,5.122365951538086,4.2749364376068115,,,,,,,,,4.274936353903661,2.067591921512478,1.6323769355316957,0.19821632760503238
group_specific_to_complete,regression,1,all_measurements,345,345,363,True,263,5.334226767222087,4.1918113231658936,,,,,,,,,4.191811544855141,2.0473914000149414,1.651048559397459,0.21380676197610649
group_specific_mcar,regression,2,"group_1, group_2",489,489,289,True,189,6.09252913792928,5.310483932495117,,,,,,,,,5.310484010724929,2.3044487433494654,1.8699567068119844,0.003994675049203367
group_specific_mcar_to_complete,regression,1,all_measurements,345,345,171,True,71,7.065120697021484,5.388243675231934,,,,,,,,,5.388243703945412,2.3212590772995187,1.8702498194078605,-0.010589507552180466
group_specific_mcar_to_group_specific,regression,2,"group_1, group_2",489,489,198,True,98,5.416770299275716,4.226611057917277,,,,,,,,,4.2266112289482844,2.0558723766197855,1.6809489282468955,0.20727992363267544
